<!-- GENERATED WITH XML BACKGROUND CREATOR SCRIPT (xmlback) -->
<background>
  <starttime>
    <year>2009</year>
    <month>08</month>
    <day>04</day>
    <hour>00</hour>
    <minute>00</minute>
    <second>00</second>
  </starttime>
  <static>
    <duration>300.0</duration>
    <file>/usr/share/backgrounds/Lightning/10lightning10.jpg</file>
  </static>
  <transition>
    <duration>5.0</duration>
    <from>/usr/share/backgrounds/Lightning/10lightning10.jpg</from>
    <to>/usr/share/backgrounds/Lightning/11lightning11.jpg</to>
  </transition>
  <static>
    <duration>300.0</duration>
    <file>/usr/share/backgrounds/Lightning/11lightning11.jpg</file>
  </static>
  <transition>
    <duration>5.0</duration>
    <from>/usr/share/backgrounds/Lightning/11lightning11.jpg</from>
    <to>/usr/share/backgrounds/Lightning/12lightning12.jpg</to>
  </transition>
  <static>
    <duration>300.0</duration>
    <file>/usr/share/backgrounds/Lightning/12lightning12.jpg</file>
  </static>
  <transition>
    <duration>5.0</duration>
    <from>/usr/share/backgrounds/Lightning/12lightning12.jpg</from>
    <to>/usr/share/backgrounds/Lightning/13lightning13.jpg</to>
  </transition>
  <static>
    <duration>300.0</duration>
    <file>/usr/share/backgrounds/Lightning/13lightning13.jpg</file>
  </static>
  <transition>
    <duration>5.0</duration>
    <from>/usr/share/backgrounds/Lightning/13lightning13.jpg</from>
    <to>/usr/share/backgrounds/Lightning/1lightning1.jpg</to>
  </transition>
  <static>
    <duration>300.0</duration>
    <file>/usr/share/backgrounds/Lightning/1lightning1.jpg</file>
  </static>
  <transition>
    <duration>5.0</duration>
    <from>/usr/share/backgrounds/Lightning/1lightning1.jpg</from>
    <to>/usr/share/backgrounds/Lightning/2lightning2.jpg</to>
  </transition>
  <static>
    <duration>300.0</duration>
    <file>/usr/share/backgrounds/Lightning/2lightning2.jpg</file>
  </static>
  <transition>
    <duration>5.0</duration>
    <from>/usr/share/backgrounds/Lightning/2lightning2.jpg</from>
    <to>/usr/share/backgrounds/Lightning/3lightning3.jpg</to>
  </transition>
  <static>
    <duration>300.0</duration>
    <file>/usr/share/backgrounds/Lightning/3lightning3.jpg</file>
  </static>
  <transition>
    <duration>5.0</duration>
    <from>/usr/share/backgrounds/Lightning/3lightning3.jpg</from>
    <to>/usr/share/backgrounds/Lightning/4lightning4.jpg</to>
  </transition>
  <static>
    <duration>300.0</duration>
    <file>/usr/share/backgrounds/Lightning/4lightning4.jpg</file>
  </static>
  <transition>
    <duration>5.0</duration>
    <from>/usr/share/backgrounds/Lightning/4lightning4.jpg</from>
    <to>/usr/share/backgrounds/Lightning/5lightning4.jpg</to>
  </transition>
  <static>
    <duration>300.0</duration>
    <file>/usr/share/backgrounds/Lightning/5lightning4.jpg</file>
  </static>
  <transition>
    <duration>5.0</duration>
    <from>/usr/share/backgrounds/Lightning/5lightning4.jpg</from>
    <to>/usr/share/backgrounds/Lightning/5lightning5.jpg</to>
  </transition>
  <static>
    <duration>300.0</duration>
    <file>/usr/share/backgrounds/Lightning/5lightning5.jpg</file>
  </static>
  <transition>
    <duration>5.0</duration>
    <from>/usr/share/backgrounds/Lightning/5lightning5.jpg</from>
    <to>/usr/share/backgrounds/Lightning/6lightning6.jpg</to>
  </transition>
  <static>
    <duration>300.0</duration>
    <file>/usr/share/backgrounds/Lightning/6lightning6.jpg</file>
  </static>
  <transition>
    <duration>5.0</duration>
    <from>/usr/share/backgrounds/Lightning/6lightning6.jpg</from>
    <to>/usr/share/backgrounds/Lightning/7lightning7.jpg</to>
  </transition>
  <static>
    <duration>300.0</duration>
    <file>/usr/share/backgrounds/Lightning/7lightning7.jpg</file>
  </static>
  <transition>
    <duration>5.0</duration>
    <from>/usr/share/backgrounds/Lightning/7lightning7.jpg</from>
    <to>/usr/share/backgrounds/Lightning/8lightning8.jpg</to>
  </transition>
  <static>
    <duration>300.0</duration>
    <file>/usr/share/backgrounds/Lightning/8lightning8.jpg</file>
  </static>
  <transition>
    <duration>5.0</duration>
    <from>/usr/share/backgrounds/Lightning/8lightning8.jpg</from>
    <to>/usr/share/backgrounds/Lightning/9lightning9.jpg</to>
  </transition>
  <static>
    <duration>300.0</duration>
    <file>/usr/share/backgrounds/Lightning/9lightning9.jpg</file>
  </static>
  <transition>
    <duration>5.0</duration>
    <from>/usr/share/backgrounds/Lightning/9lightning9.jpg</from>
    <to>/usr/share/backgrounds/Lightning/10lightning10.jpg</to>
  </transition>
</background>
